{"entity":{"description":"","name":"NDS","scope":{"bss_account_id":"d791105b90fd4afa8d95658e62c45945"},"settings":{"access_restrictions":{"reporting":{"authorized":false}}},"stage":{"name":"","production":false},"status":{"state":"active"},"storage":{"type":"bmcos_object_storage"},"type":"cpd"},"metadata":{"created_at":"2025-07-29T22:23:12.558Z","creator_id":"IBMid-6960010K4M","id":"fad1db30-bbb6-4846-b1b7-be6d9f020282","updated_at":"2025-07-29T22:23:33.439Z","url":"/v2/spaces/fad1db30-bbb6-4846-b1b7-be6d9f020282"},"is_encrypted":false,"deployment_source":"cloud","version":"1.2.0.cloud"}
