{"metadata":{"asset_id":"fcd27108-54cb-4520-8355-a522fe348dd8","asset_attributes":["wml_pipeline"],"name":"Intrusion Detection Model","asset_type":"wml_pipeline","created_at":"2025-07-29T22:24:07Z","origin_country":"au","owner_id":"IBMid-6960010K4M","space_id":"fad1db30-bbb6-4846-b1b7-be6d9f020282","sandbox_id":"fad1db30-bbb6-4846-b1b7-be6d9f020282","size":0,"tags":["dsx-project.fbccb1c6-1f15-455d-8979-c0a8f425813b"],"usage":{"last_update_time":1753827847799,"last_updated_at":"2025-07-29T22:24:07Z"}},"entity":{"wml_pipeline":{"document":{"doc_type":"pipeline","pipelines":[{"id":"autoai","nodes":[{"id":"automl","op":"kube","parameters":{"incremental_learning":false,"input_file_separator":",","n_parallel_data_connections":4,"one_vs_all_file":true,"optimization":{"compute_pipeline_notebooks_flag":true,"cv_num_folds":3,"daub_adaptive_subsampling_max_mem_usage":15000000000,"feature_selector_mode":"auto","global_stage_include_batched_ensemble_estimators":[],"holdout_param":0.1,"label":"class","learning_type":"classification","max_num_daub_ensembles":2,"positive_label":"anomaly","run_cognito_flag":true,"scorer_for_ranking":"accuracy"},"output_logs":true,"stage_flag":true},"runtime_ref":"autoai","type":"execution_node"}],"runtime_ref":"hybrid"}],"primary_pipeline":"autoai","runtimes":[{"app_data":{"wml_data":{"hardware_spec":{"id":"a6c4923b-b8e4-444c-9f43-8a7ec3020110","name":"L"}}},"id":"autoai","name":"auto_ai.kb"}],"version":"2.0"},"ml_version":"4.0.5"}}}
